,DEPTH,DT,GR,ILD,NPHI,RHOB
0,2970.0,87.082,92.0,3.0208,23.8008,2.4523
1,2970.2,88.8047,97.5625,3.1394,24.9805,2.4528
2,2970.4,88.7539,101.2812,3.2383,24.6406,2.4569
3,2970.6,85.8164,99.3008,3.2869,22.5898,2.4498
4,2970.8,82.9414,96.8398,3.334,19.9883,2.45
5,2971.0,82.4453,93.7031,3.446,19.4922,2.4587
6,2971.2,83.3984,87.625,3.6001,21.6797,2.4671
7,2971.4,84.3438,82.8438,3.6523,22.332,2.481
8,2971.6,84.9648,83.7656,3.5767,21.4023,2.4885
9,2971.8,86.4922,87.9883,3.4561,21.4531,2.4773
10,2972.0,89.0078,89.2952,3.3838,21.6758,2.4578
11,2972.2,90.3906,89.3058,3.3384,21.0625,2.4392
12,2972.4,89.8203,90.043,3.2847,20.8611,2.432
13,2972.6,88.3828,92.8008,3.3013,21.7422,2.4408
14,2972.8,86.7148,95.4102,3.3887,22.1133,2.4477
15,2973.0,85.0,96.6367,3.4844,20.8828,2.4526
16,2973.2,84.4392,97.7969,3.5227,19.9414,2.4642
17,2973.4,84.418,101.25,3.4619,20.3789,2.475
18,2973.6,85.2812,103.9766,3.3071,21.0391,2.4722
19,2973.8,86.9844,101.686,3.0977,22.7266,2.4385
20,2974.0,89.0273,103.3125,2.9053,25.293,2.3904
21,2974.2,91.6328,108.25,2.7473,27.3164,2.3632
22,2974.4,94.1758,109.6289,2.6589,27.9297,2.3738
23,2974.6,94.5938,108.2266,2.6675,27.0977,2.4175
24,2974.8,93.2891,106.1445,2.7317,26.5977,2.4556
25,2975.0,91.0391,103.8086,2.8511,26.2451,2.4609
26,2975.2,89.488,101.4258,2.9954,24.9648,2.439
27,2975.4,89.9844,99.5078,3.1055,24.9727,2.4163
28,2975.6,92.0586,98.8242,3.2068,26.0664,2.4016
29,2975.8,95.1016,99.0325,3.2778,27.7266,2.3777
30,2976.0,97.707,98.6797,3.2791,29.9492,2.3477
31,2976.2,98.8945,96.1133,3.2307,31.2148,2.3521
32,2976.4,97.1836,90.375,3.1925,30.1289,2.4028
33,2976.6,93.7852,85.0352,3.2012,27.0977,2.4521
34,2976.8,91.1836,81.8438,3.2429,23.6055,2.481
35,2977.0,90.5,79.0938,3.2886,22.1641,2.4952
36,2977.2,90.7788,76.1562,3.3394,23.5781,2.4921
37,2977.4,90.4805,74.4375,3.3843,24.9141,2.4822
38,2977.6,89.2656,75.1133,3.3804,24.3906,2.4827
39,2977.8,88.1602,78.4219,3.3447,23.2812,2.4898
40,2978.0,88.457,82.4648,3.3279,22.8477,2.4939
41,2978.2,90.5,84.293,3.328,23.7812,2.4849
42,2978.4,93.0703,81.1875,3.3472,27.4648,2.4409
43,2978.6,93.6953,76.5,3.3704,29.2722,2.4081
44,2978.8,91.582,73.6719,3.3801,27.1562,2.4219
45,2979.0,88.8398,73.7417,3.3822,24.1133,2.4548
46,2979.2,88.0344,72.5195,3.4019,23.1021,2.4685
47,2979.4,88.6055,66.6875,3.4448,23.5508,2.4695
48,2979.6,89.1047,59.0312,3.4802,23.7422,2.4751
49,2979.8,88.6484,56.5427,3.501,23.1016,2.4859
50,2980.0,87.5703,57.0547,3.5527,22.9451,2.4956
51,2980.2,86.6367,56.0469,3.6606,23.1709,2.5068
52,2980.4,85.7109,54.3906,3.7722,22.6719,2.5195
53,2980.6,85.0664,55.5508,3.8447,21.5742,2.5302
54,2980.8,85.5859,60.1875,3.9001,20.9766,2.5308
55,2981.0,87.5625,68.25,3.989,21.5039,2.5076
56,2981.2,90.0664,77.1875,4.0457,22.6953,2.4739
57,2981.4,92.0469,79.582,3.9934,24.457,2.455
58,2981.6,92.4844,70.4375,3.866,25.918,2.4638
59,2981.8,91.8398,59.375,3.7644,25.625,2.4794
60,2982.0,90.1758,52.625,3.6875,23.9492,2.4966
61,2982.2,88.0273,51.8867,3.5908,22.1875,2.5227
62,2982.4,86.7578,54.3086,3.4951,21.3025,2.5395
63,2982.6,87.2891,56.6797,3.4392,22.4219,2.5149
64,2982.8,89.6641,56.2578,3.435,24.6289,2.4604
65,2983.0,92.0469,54.1094,3.4496,25.4827,2.4328
66,2983.2,92.6116,53.3474,3.4656,24.8984,2.4376
67,2983.4,90.957,55.332,3.4978,23.9297,2.4505
68,2983.6,88.9688,57.5039,3.5505,23.4444,2.459
69,2983.8,88.1875,58.2383,3.6179,23.5645,2.4629
70,2984.0,88.293,58.5627,3.6899,23.4688,2.4605
71,2984.2,88.5781,58.2812,3.7556,22.8203,2.4518
72,2984.4,88.9961,58.2812,3.7788,22.7319,2.4397
73,2984.6,89.7266,59.7617,3.7185,23.0938,2.4319
74,2984.8,90.4258,61.707,3.6179,23.7031,2.4336
75,2985.0,90.7026,62.3462,3.5481,24.2617,2.4341
76,2985.2,90.4883,61.5352,3.4875,23.7852,2.4279
77,2985.4,89.7305,59.9961,3.4268,22.8652,2.4187
78,2985.6,88.957,58.0664,3.3951,22.8867,2.4115
79,2985.8,88.7646,56.1562,3.415,23.1494,2.4067
80,2986.0,89.071,54.918,3.4851,23.1338,2.4091
81,2986.2,89.1497,55.4297,3.5662,23.5391,2.4194
82,2986.4,88.5664,61.875,3.6147,24.3398,2.4237
83,2986.6,87.5757,78.375,3.6086,24.1484,2.4167
84,2986.8,87.9102,100.6875,3.5757,22.6914,2.412
85,2987.0,90.0117,111.3906,3.5237,24.0586,2.4019
86,2987.2,92.25,99.3125,3.3953,28.7734,2.3773
87,2987.4,92.1523,81.1875,3.1804,29.6211,2.3748
88,2987.6,90.7148,71.0625,3.0066,26.3789,2.4067
89,2987.8,90.0039,67.0469,2.9618,24.0469,2.4443
90,2988.0,90.1482,68.5625,3.0107,23.3711,2.462
91,2988.2,89.5664,78.75,3.0132,22.8828,2.4636
92,2988.4,88.5586,96.4375,2.959,22.5156,2.4575
93,2988.6,88.9922,104.0,2.9262,22.5117,2.4532
94,2988.8,91.0039,91.1875,2.9385,24.2695,2.4478
95,2989.0,91.7546,72.125,2.9453,25.9062,2.4511
96,2989.2,89.5742,64.0742,2.8738,23.8125,2.4756
97,2989.4,87.4414,63.8911,2.7424,21.5742,2.4885
98,2989.6,88.3555,62.5898,2.6301,23.25,2.4651
99,2989.8,91.9883,59.1367,2.595,25.8867,2.4309
100,2990.0,94.418,56.1719,2.6309,26.3503,2.4149
101,2990.2,94.4375,54.625,2.6719,26.3982,2.4108
102,2990.4,93.7874,54.3586,2.6956,26.8904,2.4108
103,2990.6,93.8398,54.582,2.717,26.6914,2.4024
104,2990.8,94.1875,54.3203,2.7554,25.9805,2.385
105,2991.0,94.5586,52.543,2.8291,25.25,2.3778
106,2991.2,94.1367,46.6875,2.98,25.6016,2.3904
107,2991.4,91.2773,38.3125,3.1846,27.0273,2.418
108,2991.6,84.3125,34.6523,3.3228,26.2422,2.4902
109,2991.8,74.875,40.625,3.2681,20.4375,2.6128
110,2992.0,70.4609,50.4375,3.134,15.6914,2.6803
111,2992.2,74.3125,57.5625,3.0332,17.2305,2.6313
112,2992.4,82.4375,59.6602,2.9312,22.2148,2.5334
113,2992.6,88.3672,59.207,2.7336,24.9102,2.4795
114,2992.8,91.4375,59.0552,2.4729,25.9727,2.4599
115,2993.0,92.7463,61.9375,2.2671,27.2969,2.4449
116,2993.2,92.7227,67.9375,2.1428,27.2773,2.4438
117,2993.4,92.0977,72.0742,2.0491,25.75,2.4595
118,2993.6,92.2227,73.082,1.9712,25.2617,2.458
119,2993.8,93.8242,74.1328,1.8972,25.9883,2.4199
120,2994.0,94.4263,75.6875,1.8252,26.6445,2.3799
121,2994.2,92.7812,76.582,1.7698,26.4336,2.3687
122,2994.4,90.2695,76.582,1.7617,24.7266,2.4041
123,2994.6,89.8438,81.5,1.8005,24.375,2.4395
124,2994.8,91.4375,93.25,1.8782,25.9766,2.4312
125,2995.0,93.2891,98.7461,1.9683,27.0,2.3994
126,2995.2,94.3867,92.8125,2.0422,28.0859,2.3994
127,2995.4,94.6284,85.875,2.0898,28.3462,2.4309
128,2995.6,94.1719,84.2969,2.0889,26.5,2.4685
129,2995.8,93.3438,87.6875,2.0398,25.0664,2.4939
130,2996.0,93.2192,98.0,1.9778,25.5195,2.501
131,2996.2,94.5547,114.5625,1.9351,27.1875,2.4866
132,2996.4,97.1641,123.1367,1.9075,28.8594,2.4512
133,2996.6,100.0742,116.625,1.8876,30.9336,2.3931
134,2996.8,102.3289,105.3125,1.8982,32.7539,2.3394
135,2997.0,101.8242,102.4688,1.9941,31.4102,2.3479
136,2997.2,98.1875,105.75,2.1934,29.375,2.3862
137,2997.4,92.875,110.1602,2.4578,29.2734,2.3997
138,2997.6,86.8125,114.0352,2.7288,27.875,2.4023
139,2997.8,81.9453,117.1406,3.0117,23.9258,2.4202
140,2998.0,80.9084,116.4609,3.3359,22.5474,2.4197
141,2998.2,83.7969,111.0,3.5679,26.2461,2.3926
142,2998.4,87.2734,104.0,3.5007,27.9648,2.3856
143,2998.6,89.7031,98.7812,3.1758,25.5117,2.4016
144,2998.8,91.3516,98.875,2.8137,23.668,2.4139
145,2999.0,93.4609,106.5625,2.5906,24.5195,2.4165
146,2999.2,95.3672,116.6875,2.5134,25.918,2.4163
147,2999.4,96.1497,121.8906,2.5547,27.3359,2.4131
148,2999.6,95.8047,120.4648,2.7317,28.1809,2.4186
149,2999.8,94.3906,117.9102,3.0352,26.9062,2.4404
150,3000.0,92.1406,116.7734,3.4414,24.043,2.4586
151,3000.2,90.5195,116.5469,3.9531,23.168,2.4407
152,3000.4,90.4453,118.2539,4.4922,24.8945,2.4026
153,3000.6,91.3125,124.0,4.9102,27.3672,2.3708
154,3000.8,92.8398,133.0625,4.9949,28.6484,2.3582
155,3001.0,94.9414,137.8633,4.7891,29.0977,2.354
156,3001.2,97.4023,133.0,4.4062,29.8242,2.3533
157,3001.4,99.7422,123.875,3.9531,31.082,2.358
158,3001.6,101.4492,120.1406,3.5273,31.6116,2.3698
159,3001.8,102.2344,122.4492,3.1836,31.5659,2.3854
160,3002.0,102.668,127.5352,2.9087,31.8711,2.3845
161,3002.2,103.3125,128.8594,2.6738,32.6328,2.3586
162,3002.4,104.0859,123.5,2.458,32.6211,2.3364
163,3002.6,104.4375,113.75,2.2793,31.4062,2.3401
164,3002.8,103.5273,104.625,2.1685,30.207,2.3672
165,3003.0,101.5156,99.5586,2.1221,30.2773,2.3992
166,3003.2,99.5625,97.6602,2.1113,30.3008,2.4196
167,3003.4,97.8008,96.4023,2.1074,29.2539,2.4254
168,3003.6,96.0977,98.875,2.124,27.8945,2.4305
169,3003.8,95.293,109.6875,2.2236,27.2031,2.4373
170,3004.0,96.3203,124.625,2.4805,28.3125,2.4327
171,3004.2,98.1641,130.2383,2.7891,30.5859,2.4133
172,3004.4,99.0625,122.5625,3.0588,32.0469,2.3904
173,3004.6,97.9102,112.8672,3.2969,31.4141,2.3745
174,3004.8,96.5078,116.6875,3.6055,29.1602,2.3636
175,3005.0,96.5469,134.875,3.9922,28.2012,2.3495
176,3005.2,97.8398,153.5625,4.2,30.1523,2.3245
177,3005.4,99.3164,157.1875,4.0586,31.6504,2.2957
178,3005.6,100.4492,146.4375,3.7227,31.7209,2.2874
179,3005.8,100.5117,130.75,3.3594,32.6489,2.3176
180,3006.0,99.4453,119.125,3.0195,32.0742,2.375
181,3006.2,98.2422,113.8984,2.7109,29.3398,2.4236
182,3006.4,97.707,117.75,2.4915,28.7812,2.4331
183,3006.6,98.9336,129.5,2.4231,31.2617,2.4041
184,3006.8,100.3086,132.7031,2.4456,33.0508,2.3682
185,3007.0,100.5095,117.4375,2.5002,33.6484,2.3418
186,3007.2,98.3203,97.9375,2.5906,32.5938,2.3516
187,3007.4,94.4453,95.9375,2.7773,28.9375,2.3965
188,3007.6,91.1641,108.75,3.1055,25.3047,2.436
189,3007.8,90.8086,117.0352,3.4805,25.2773,2.4307
190,3008.0,92.625,112.1875,3.7271,27.5352,2.4067
191,3008.2,94.5898,103.375,3.8162,28.2959,2.3949
192,3008.4,95.3164,100.4219,3.9084,26.4961,2.397
193,3008.6,94.7461,102.5078,4.1155,25.0212,2.3987
194,3008.8,94.259,104.0312,4.4375,26.0469,2.3898
195,3009.0,94.5508,101.8125,4.8672,27.6953,2.3723
196,3009.2,94.8623,95.125,5.4336,27.6992,2.3464
197,3009.4,95.1523,85.9375,6.418,27.1523,2.3025
198,3009.6,95.6938,76.25,8.3672,27.6641,2.2473
199,3009.8,95.7031,69.8047,12.9375,27.4961,2.2068
200,3010.0,94.7266,69.75,22.0,26.3867,2.1851
201,3010.2,93.2734,72.5781,36.125,25.2383,2.1803
202,3010.4,92.6038,70.4297,46.3711,24.6599,2.1885
203,3010.6,93.0664,66.625,42.5,25.1172,2.1947
204,3010.8,93.9297,60.25,30.75,26.2969,2.195
205,3011.0,93.2305,56.3281,21.375,26.4336,2.2117
206,3011.2,89.0,57.043,16.0078,24.2383,2.2791
207,3011.4,83.4375,60.9375,13.1953,20.0625,2.3752
208,3011.6,81.8203,64.2148,12.332,18.6289,2.3938
209,3011.8,85.4375,64.7734,13.0938,22.375,2.3081
210,3012.0,90.125,64.0156,15.2109,26.0039,2.2229
211,3012.2,92.6641,63.8589,19.5625,27.0273,2.1876
212,3012.4,92.8457,63.875,30.25,27.3828,2.1762
213,3012.6,92.9141,63.7361,55.1875,27.8203,2.1685
214,3012.8,93.5625,64.9961,104.0,27.7031,2.1643
215,3013.0,94.0898,66.4507,180.0,27.0078,2.1635
216,3013.2,94.366,65.9375,268.0,25.918,2.1661
217,3013.4,94.3306,64.7031,341.9375,25.2891,2.1702
218,3013.6,94.1946,64.7227,355.5,25.9258,2.1721
219,3013.8,93.918,66.2344,360.625,26.2505,2.1727
220,3014.0,93.4648,69.7109,370.5625,25.7578,2.1734
221,3014.2,93.1882,72.3086,390.375,25.2305,2.1736
222,3014.4,93.4453,70.6445,470.0,25.061,2.1712
223,3014.6,94.25,67.3008,794.0,25.6055,2.1666
224,3014.8,95.0703,65.8164,1443.0,26.9258,2.1606
225,3015.0,95.8906,65.0117,1577.0,27.1641,2.1508
226,3015.2,97.6914,63.4297,887.0,26.0469,2.1355
227,3015.4,101.1562,60.5781,209.0,26.3281,2.1162
228,3015.6,105.1328,57.2734,44.8125,28.8398,2.1034
229,3015.8,106.5132,55.0312,22.6875,30.5352,2.125
230,3016.0,102.5,54.1985,16.4805,30.5156,2.2078
231,3016.2,92.1875,54.6875,13.6055,27.4375,2.3311
232,3016.4,81.1875,58.4375,11.7773,22.125,2.4099
233,3016.6,78.728,65.75,11.0391,19.3672,2.3989
234,3016.8,88.5625,71.0664,11.9141,23.375,2.3115
235,3017.0,100.3125,70.6602,14.3516,28.4414,2.2173
236,3017.2,110.3125,66.957,18.3008,30.4336,2.1531
237,3017.4,115.8438,66.1133,24.3125,30.3594,2.125
238,3017.6,115.957,69.2852,31.875,31.2695,2.1189
239,3017.8,112.375,69.8242,38.9375,31.9219,2.1226
240,3018.0,108.5781,67.7217,42.6445,31.5806,2.1184
241,3018.2,109.1641,68.6758,41.2344,31.6484,2.1046
242,3018.4,110.7656,71.0352,38.5195,31.625,2.1045
243,3018.6,110.1406,72.2656,39.4375,30.9727,2.1267
244,3018.8,107.5039,71.1289,45.25,31.0781,2.1468
245,3019.0,104.3086,68.625,52.0,31.3772,2.1493
246,3019.2,98.9375,66.2188,59.125,30.1523,2.1455
247,3019.4,91.1875,64.5391,71.25,27.4961,2.1527
248,3019.6,88.9414,62.7852,98.0625,25.832,2.1667
249,3019.8,91.3086,62.5117,144.625,25.4102,2.179
250,3020.0,93.0352,66.0625,200.4375,24.6367,2.188
251,3020.2,94.2578,69.5156,248.25,24.1958,2.1912
252,3020.4,95.6758,69.8594,238.1875,25.0391,2.1832
253,3020.6,95.9492,67.1992,185.0625,26.6719,2.1737
254,3020.8,94.332,64.3398,163.9375,28.2578,2.1739
255,3021.0,94.0898,62.9922,154.9375,28.6047,2.1771
256,3021.2,94.8594,62.5234,140.3125,27.9922,2.179
257,3021.4,93.0156,61.4258,117.5,27.6553,2.1859
258,3021.6,88.125,58.6367,92.625,26.418,2.2192
259,3021.8,79.75,53.8125,77.625,20.9375,2.3142
260,3022.0,69.8125,49.1836,69.375,12.25,2.4612
261,3022.2,62.375,48.7383,64.9336,6.5664,2.5791
262,3022.4,60.3086,53.3125,65.3125,6.1055,2.6125
263,3022.6,63.6562,58.875,74.125,9.5625,2.5347
264,3022.8,62.375,64.375,93.1875,15.6875,2.3918
265,3023.0,60.1641,66.9453,121.4375,21.5625,2.2578
266,3023.2,77.1875,65.2344,154.375,24.0742,2.1897
267,3023.4,91.75,64.7773,177.875,25.4492,2.1602
268,3023.6,95.6953,66.332,180.4727,26.0188,2.1541
269,3023.8,97.0898,67.1445,166.5625,25.3242,2.1627
270,3024.0,97.8164,66.375,157.9336,25.0508,2.1637
271,3024.2,98.3906,65.833,159.9375,25.8984,2.1519
272,3024.4,98.7344,66.707,177.6875,26.7197,2.14
273,3024.6,99.1016,67.3879,176.125,26.6484,2.1395
274,3024.8,99.8672,67.5835,128.75,26.4517,2.1466
275,3025.0,100.9609,68.5898,76.375,26.8516,2.1536
276,3025.2,101.5351,70.6758,46.5625,27.178,2.1648
277,3025.4,100.8477,71.9219,33.1875,26.8672,2.1926
278,3025.6,99.4187,71.2773,30.0508,26.9609,2.2221
279,3025.8,99.3083,69.9961,28.9609,27.4128,2.2068
280,3026.0,99.7695,70.4648,26.7188,26.9531,2.1653
281,3026.2,100.6055,74.625,23.6875,26.1914,2.1387
282,3026.4,100.3203,82.5625,20.8906,26.0078,2.1458
283,3026.6,98.8398,89.5,18.5781,25.999,2.1824
284,3026.8,96.5586,91.8281,16.3281,26.6641,2.2412
285,3027.0,93.7148,88.6875,14.3125,27.9414,2.2874
286,3027.2,89.875,81.25,12.5781,27.4805,2.3108
287,3027.4,84.375,72.375,11.4453,23.5625,2.3508
288,3027.6,78.3125,68.8633,11.3125,17.0,2.4172
289,3027.8,74.7578,72.625,11.7891,12.9023,2.4464
290,3028.0,75.3047,78.375,12.1836,14.2305,2.4075
291,3028.2,79.1875,83.1523,11.9062,19.625,2.335
292,3028.4,83.7383,86.3477,10.7539,23.8594,2.29
293,3028.6,87.3359,87.1755,9.2695,24.8477,2.3057
294,3028.8,88.5354,85.418,8.0195,24.2539,2.3665
295,3029.0,88.582,81.9453,7.3242,26.2422,2.3777
296,3029.2,89.6328,77.8516,6.9258,28.8594,2.3281
297,3029.4,89.7883,75.25,6.7766,28.1055,2.2937
298,3029.6,88.4766,77.2891,6.9609,24.4258,2.3118
299,3029.8,87.3242,81.625,7.3945,22.1953,2.3266
300,3030.0,88.3555,86.8125,7.9258,22.4609,2.3168
301,3030.2,90.9766,89.0625,8.4297,25.5781,2.3011
302,3030.4,92.9023,85.75,8.9258,28.3594,2.2936
303,3030.6,93.7578,81.3281,9.5,28.5898,2.2944
304,3030.8,94.2617,79.6055,10.2344,27.6367,2.2913
305,3031.0,95.7344,81.1953,10.9609,27.9727,2.2527
306,3031.2,97.7109,84.4023,11.2808,28.4148,2.1973
307,3031.4,98.6211,87.6367,11.2407,27.8555,2.1887
308,3031.6,97.4102,90.1055,11.2175,26.9727,2.2454
309,3031.8,95.1641,91.9531,11.0908,26.3906,2.3071
310,3032.0,93.2773,92.978,10.6367,25.7773,2.3365
311,3032.2,92.5195,92.4688,9.9453,25.6836,2.3355
312,3032.4,92.2227,89.5742,9.5664,26.4883,2.3213
313,3032.6,91.5664,84.0625,9.6951,27.1055,2.303
314,3032.8,89.8711,79.332,10.1875,26.4062,2.3012
315,3033.0,89.1602,78.9062,10.6602,23.8906,2.3215
316,3033.2,92.0664,82.625,10.926,20.082,2.3435
317,3033.4,94.3281,87.7109,11.0469,18.4883,2.3511
318,3033.6,90.875,90.9492,11.1541,20.7227,2.3533
319,3033.8,84.1875,91.2344,11.1541,22.5781,2.3464
320,3034.0,80.8711,87.5,10.8594,22.1589,2.324
321,3034.2,82.1562,80.4375,10.6475,22.9531,2.3066
322,3034.4,83.2734,74.8125,10.9922,24.5234,2.3101
323,3034.6,81.4961,73.6523,11.5703,22.5625,2.3352
324,3034.8,77.9258,75.7578,11.8533,18.5508,2.3595
325,3035.0,77.3984,78.3477,12.1875,18.2969,2.3445
326,3035.2,84.6875,80.1826,12.8672,21.5391,2.2986
327,3035.4,95.3125,79.3867,13.8281,23.6406,2.2736
328,3035.6,95.0625,75.5625,14.6758,22.5547,2.2961
329,3035.8,83.6875,75.4609,15.0703,17.5,2.3765
330,3036.0,73.6914,84.1875,14.7891,13.3718,2.4648
331,3036.2,73.6875,91.3125,13.9961,16.0,2.4592
332,3036.4,81.0,89.375,13.0469,22.0625,2.3801
333,3036.6,88.0312,79.5625,12.2656,26.9688,2.322
334,3036.8,90.5039,75.3555,11.7383,30.1758,2.2869
335,3037.0,90.3242,79.75,11.1758,29.9961,2.2468
336,3037.2,88.6055,84.8125,10.3516,26.4414,2.2334
337,3037.4,85.8906,90.6875,9.6758,24.6501,2.261
338,3037.6,83.9805,98.125,9.3296,25.1523,2.2896
339,3037.8,84.625,94.8125,9.0867,25.2234,2.3059
340,3038.0,87.1406,81.4375,9.0334,25.6953,2.3259
341,3038.2,88.3633,71.9375,9.5,26.7773,2.3422
342,3038.4,86.4883,69.9141,10.6094,24.6875,2.3478
343,3038.6,84.1523,71.5586,12.4297,20.3281,2.3267
344,3038.8,87.6875,71.9531,14.957,20.7852,2.262
345,3039.0,94.0,71.1914,17.9023,25.9375,2.1833
346,3039.2,96.25,73.1328,19.3203,29.1562,2.1457
347,3039.4,97.5,76.5039,17.9258,28.7812,2.1407
348,3039.6,98.7031,77.2854,15.2148,27.1602,2.151
349,3039.8,99.0234,72.375,12.8633,27.1406,2.1775
350,3040.0,97.1055,63.25,10.6133,28.2734,2.2026
351,3040.2,92.0,58.1484,8.4219,28.9141,2.2334
352,3040.4,84.6875,62.75,6.6016,26.1875,2.2976
353,3040.6,79.9922,70.1875,5.4531,19.8125,2.3921
354,3040.8,80.4805,74.3008,4.8477,16.0234,2.4646
355,3041.0,88.5,79.9375,4.5781,18.625,2.4709
356,3041.2,102.0625,89.625,4.4746,23.1797,2.4568
357,3041.4,106.9219,93.5889,4.4587,24.1211,2.4565
358,3041.6,102.125,88.8125,4.6289,22.5088,2.4421
359,3041.8,96.8125,81.875,5.082,22.8203,2.4048
360,3042.0,93.3906,78.5352,5.7461,24.75,2.3623
361,3042.2,98.625,79.207,6.4297,25.7148,2.3157
362,3042.4,111.125,82.9375,6.6289,24.793,2.2923
363,3042.6,117.4922,88.0,6.0742,23.2031,2.3081
364,3042.8,119.7539,91.6914,5.1055,21.2188,2.333
365,3043.0,121.625,88.125,4.3516,22.1641,2.3409
366,3043.2,122.4136,79.125,3.8945,26.0469,2.3606
367,3043.4,121.1133,68.625,3.6731,28.3398,2.4102
368,3043.6,116.5625,60.1719,3.675,27.0078,2.4543
369,3043.8,107.375,60.5,3.7169,23.6797,2.4638
370,3044.0,94.8125,67.375,3.7183,20.2969,2.4453
371,3044.2,86.418,72.0273,3.7922,19.3594,2.415
372,3044.4,84.9397,69.4375,4.0586,19.7551,2.4091
373,3044.6,85.7305,60.875,4.3403,19.4727,2.4253
374,3044.8,87.9727,52.2109,4.3867,20.7188,2.4354
375,3045.0,89.5273,51.6211,4.0664,24.3008,2.4327
376,3045.2,89.0273,55.5,3.5742,25.0469,2.4102
377,3045.4,87.0703,59.1172,3.0625,23.4062,2.3896
378,3045.6,85.3047,57.0,2.7087,22.7188,2.4075
379,3045.8,85.0391,50.0625,2.5508,23.293,2.4436
380,3046.0,85.1719,44.8359,2.5452,22.3086,2.4746
381,3046.2,83.5703,46.125,2.6133,20.1445,2.4973
382,3046.4,81.2695,53.125,2.6782,20.4766,2.504
383,3046.6,79.9531,63.9375,2.7678,22.5078,2.4854
384,3046.8,79.8359,72.5625,3.0,22.8398,2.4524
385,3047.0,80.2617,77.3125,3.4609,21.9453,2.4106
386,3047.2,81.5117,82.625,4.0781,22.1641,2.3518
387,3047.4,84.207,89.1875,4.6406,23.1914,2.2952
388,3047.6,87.3125,93.6367,4.9595,23.6743,2.2859
389,3047.8,90.1484,95.2812,5.085,24.2773,2.3115
390,3048.0,92.0938,95.5547,5.0969,26.1641,2.331
391,3048.2,92.5283,95.1328,5.021,27.1367,2.3238
392,3048.4,93.4609,95.1016,4.8323,25.3477,2.322
393,3048.6,95.7539,95.543,4.5508,23.0312,2.3403
394,3048.8,95.7969,95.6289,4.323,22.0625,2.3723
395,3049.0,95.6914,95.1016,4.189,21.2383,2.4045
396,3049.2,97.0195,93.957,4.1108,20.4961,2.4255
397,3049.4,96.3555,91.3477,4.0686,20.1484,2.4227
398,3049.6,90.9375,86.5625,4.0618,19.0898,2.4148
399,3049.8,82.9375,80.4375,4.0746,17.25,2.4255
400,3050.0,84.4375,71.5625,4.0869,15.7461,2.4507
401,3050.2,88.4883,60.875,4.0522,15.458,2.4758
402,3050.4,79.625,55.0742,3.9385,15.5244,2.4963
403,3050.6,71.1484,57.625,3.7791,16.4531,2.5002
404,3050.8,75.625,62.8438,3.613,18.2969,2.485
405,3051.0,83.4375,64.5234,3.4465,18.3047,2.4859
406,3051.2,89.4375,64.1531,3.3062,16.3672,2.5144
407,3051.4,93.0415,64.1172,3.2568,15.3999,2.5471
408,3051.6,90.25,62.9922,3.312,15.7383,2.5432
409,3051.8,82.125,58.8125,3.4441,16.4102,2.4836
410,3052.0,73.875,50.3125,3.5562,17.1289,2.4067
411,3052.2,69.9805,41.5625,3.5283,19.3984,2.3491
412,3052.4,72.0391,36.8438,3.3867,24.0,2.2991
413,3052.6,79.125,36.1836,3.2302,27.9336,2.2658
414,3052.8,86.375,36.7227,3.0459,29.6602,2.2643
415,3053.0,90.8789,37.8711,2.7891,29.9058,2.2791
416,3053.2,92.3242,40.5352,2.4727,28.6211,2.3032
417,3053.4,94.7305,43.2773,2.1873,27.0469,2.3313
418,3053.6,97.8477,44.375,2.0117,26.8516,2.3421
419,3053.8,95.625,45.4453,1.9751,26.8242,2.3393
420,3054.0,91.707,46.1641,2.0615,25.5234,2.3545
421,3054.2,88.8984,44.25,2.1741,23.7227,2.3899
422,3054.4,85.4297,41.0703,2.2751,22.0938,2.4204
423,3054.6,82.5195,41.4883,2.4609,21.5508,2.4177
424,3054.8,82.1055,46.0625,2.8867,23.9141,2.395
425,3055.0,84.5273,52.625,3.7148,28.4375,2.3555
426,3055.2,86.875,57.3398,4.6797,29.7539,2.29
427,3055.4,86.9844,57.7305,5.2009,27.2305,2.2268
428,3055.6,90.4375,54.3633,5.1123,25.3867,2.1968
429,3055.8,102.3125,49.9258,4.5664,25.8711,2.2112
430,3056.0,108.3555,47.4453,3.957,27.0078,2.2483
431,3056.2,101.1875,47.6797,3.293,28.1406,2.2864
432,3056.4,94.6797,48.8516,2.5859,28.6917,2.3145
433,3056.6,96.0234,47.7461,2.0352,28.6602,2.3245
434,3056.8,97.0938,45.4844,1.6523,29.3711,2.3232
435,3057.0,96.0352,44.8672,1.4509,29.9648,2.3386
436,3057.2,94.1602,46.75,1.3711,28.5547,2.3779
437,3057.4,91.8867,48.5117,1.3506,26.8164,2.3993
438,3057.6,90.4258,48.7585,1.3838,26.1328,2.3872
439,3057.8,91.9883,47.0586,1.4622,26.4531,2.3562
440,3058.0,95.4766,43.6914,1.5464,27.2227,2.321
441,3058.2,95.7383,41.2891,1.623,28.5742,2.2925
442,3058.4,91.9727,43.0312,1.6775,29.6289,2.2873
443,3058.6,89.4375,45.2539,1.7073,29.332,2.302
444,3058.8,89.5586,45.5979,1.7233,27.9727,2.3232
445,3059.0,91.9414,46.3789,1.734,26.8721,2.3352
446,3059.2,94.6797,48.9648,1.7429,27.4414,2.3345
447,3059.4,95.8594,51.5469,1.761,28.8789,2.3341
448,3059.6,95.9062,52.8477,1.8347,29.3086,2.3433
449,3059.8,95.4141,53.5469,2.0664,28.6484,2.3583
450,3060.0,93.9531,54.957,2.5469,27.8906,2.3668
451,3060.2,95.0625,57.2812,3.332,26.5898,2.3567
452,3060.4,103.0625,60.1562,4.4062,25.917,2.3013
453,3060.6,111.0,61.4712,5.4805,25.8984,2.2246
454,3060.8,116.5625,58.4219,6.2812,24.8125,2.1917
455,3061.0,113.75,53.0312,7.0078,23.2422,2.26
456,3061.2,99.0,52.082,7.8438,23.6602,2.3696
457,3061.4,85.9375,55.4414,8.259,24.6484,2.436
458,3061.6,85.0508,58.0586,8.0312,24.9766,2.386
459,3061.8,89.875,56.0938,7.9138,26.0234,2.2739
460,3062.0,93.1133,50.3125,8.3633,27.3398,2.1985
461,3062.2,89.1875,44.293,8.5312,25.5,2.2402
462,3062.4,82.375,42.3164,7.3047,21.0625,2.3755
463,3062.6,84.0,45.5625,5.3945,18.7852,2.4849
464,3062.8,95.4375,48.3296,3.9062,21.9375,2.4822
465,3063.0,99.625,47.5938,3.168,25.9258,2.4348
466,3063.2,93.6875,45.3984,2.9014,25.9961,2.4331
467,3063.4,85.3125,43.1406,2.9124,22.9648,2.481
468,3063.6,78.5,45.1875,3.1484,19.2109,2.5408
469,3063.8,73.4141,53.1875,3.7383,16.0234,2.5561
470,3064.0,72.6367,63.5625,4.9375,15.3325,2.4841
471,3064.2,77.5,69.9844,7.4844,18.9375,2.3447
472,3064.4,83.9375,72.2656,12.125,22.8594,2.2334
473,3064.6,88.9375,70.7852,18.4375,24.2578,2.1843
474,3064.8,90.9492,66.1094,22.2981,23.4688,2.1757
475,3065.0,92.0742,63.7644,20.0,23.1655,2.1698
476,3065.2,93.1797,66.5352,13.8125,23.8555,2.1609
477,3065.4,93.7891,69.8203,8.5547,24.0898,2.1702
478,3065.6,92.3516,67.5625,6.0625,24.207,2.2166
479,3065.8,88.625,60.1875,4.918,25.332,2.2825
480,3066.0,83.125,52.5625,4.1719,24.5625,2.3535
481,3066.2,78.1953,48.9922,3.5273,19.5625,2.4307
482,3066.4,76.4453,50.3594,3.0547,14.8945,2.4783
483,3066.6,78.8125,54.6562,2.8416,15.5508,2.4731
484,3066.8,84.0625,58.0234,2.7852,19.6797,2.45
485,3067.0,89.0,58.8359,2.6943,22.6094,2.4345
486,3067.2,92.1211,58.3906,2.5947,23.6523,2.417
487,3067.4,93.0835,59.5625,2.7109,24.2812,2.3977
488,3067.6,93.0156,62.1445,3.1758,25.5234,2.3772
489,3067.8,92.4961,64.6172,4.1172,26.9297,2.3325
490,3068.0,93.4648,65.1328,5.6602,27.4727,2.2458
491,3068.2,97.0625,63.6094,7.8164,27.9844,2.1658
492,3068.4,100.6484,61.5859,9.6016,28.4414,2.1326
493,3068.6,101.2734,60.8406,9.1445,27.5078,2.1519
494,3068.8,98.9922,60.4062,7.0,25.0898,2.219
495,3069.0,95.1641,59.5,5.0703,23.2812,2.3291
496,3069.2,91.4102,57.9414,3.9648,22.8945,2.4407
497,3069.4,88.4258,53.625,3.2617,21.1914,2.4937
498,3069.6,86.1914,48.5,2.7266,18.8438,2.5005
499,3069.8,85.1328,45.1172,2.407,19.0742,2.5029
500,3070.0,84.6797,45.4414,2.3003,20.875,2.5131
501,3070.2,84.25,49.1875,2.2816,21.0625,2.5079
502,3070.4,84.3408,55.5,2.2704,20.4766,2.4878
503,3070.6,85.8867,61.875,2.2786,21.7148,2.4721
504,3070.8,87.1328,67.0625,2.3198,24.0469,2.458
505,3071.0,87.3005,71.4102,2.3621,24.8757,2.4363
506,3071.2,87.375,74.3711,2.4504,24.1299,2.4147
507,3071.4,88.8398,75.2441,2.7031,24.3789,2.4113
508,3071.6,92.1797,74.5508,3.1367,25.5547,2.4167
509,3071.8,94.6663,74.1445,3.6289,26.1108,2.4023
510,3072.0,94.3477,73.832,4.1094,26.2695,2.365
511,3072.2,93.2852,70.3125,4.7812,27.1211,2.3237
512,3072.4,94.3086,64.0625,5.9258,28.9023,2.2869
513,3072.6,98.0625,59.7188,7.6523,29.8894,2.2419
514,3072.8,102.1797,57.9297,9.7344,29.1797,2.188
515,3073.0,104.7461,56.4727,11.7422,28.9453,2.1411
516,3073.2,105.9609,55.8516,12.707,30.3672,2.1166
517,3073.4,107.2266,58.625,11.8906,31.0587,2.114
518,3073.6,107.6926,64.375,9.2891,30.1094,2.1382
519,3073.8,105.3594,69.1133,6.2461,28.207,2.2026
520,3074.0,100.875,69.1445,4.2383,26.8242,2.2903
521,3074.2,96.0625,63.875,3.1289,27.0508,2.3696
522,3074.4,92.6367,55.5,2.5508,27.5742,2.4158
523,3074.6,90.3164,47.0,2.2461,26.5273,2.4451
524,3074.8,87.3984,41.6992,2.0747,23.8516,2.4744
525,3075.0,83.543,42.2305,2.0121,20.7188,2.4952
526,3075.2,80.6406,46.3125,2.0364,19.7908,2.4906
527,3075.4,79.9203,51.4375,2.1296,20.3398,2.4819
528,3075.6,80.8672,56.0547,2.2881,21.5898,2.4816
529,3075.8,81.4805,57.625,2.5273,23.8789,2.4778
530,3076.0,79.7695,55.2617,2.8594,23.8984,2.471
531,3076.2,75.125,51.7773,3.1794,17.9375,2.4883
532,3076.4,69.9414,50.4133,3.3108,11.6016,2.5225
533,3076.6,68.3633,50.9453,3.312,12.6875,2.5168
534,3076.8,71.9375,52.0352,3.2878,19.0,2.4741
535,3077.0,78.875,53.8164,3.186,23.1523,2.4441
536,3077.2,84.3125,58.0625,2.9812,23.8027,2.4343
537,3077.4,87.6641,63.75,2.8518,24.4688,2.4143
538,3077.6,91.1133,66.9219,3.0547,27.4258,2.3367
539,3077.8,95.3086,66.9688,3.6953,29.3438,2.2231
540,3078.0,98.4141,65.3906,4.8281,29.3398,2.1445
541,3078.2,98.4844,63.2578,7.5,28.9978,2.1331
542,3078.4,96.2617,61.1758,18.8125,28.5938,2.1531
543,3078.6,93.8242,60.5583,149.0,27.7148,2.1772
544,3078.8,92.2031,61.8242,756.0,26.4141,2.1943
545,3079.0,91.168,62.2891,1339.0,25.1797,2.1957
546,3079.2,90.3984,61.6445,972.0,24.9292,2.1925
547,3079.4,89.9844,60.7578,312.0,25.8125,2.1912
548,3079.6,89.6992,60.3523,118.5625,26.625,2.1889
549,3079.8,89.3438,60.832,83.375,26.2891,2.1857
550,3080.0,89.1663,61.543,69.5,25.8828,2.1854
551,3080.2,89.1448,62.2539,59.4375,26.1431,2.1887
552,3080.4,88.9297,63.1602,51.3125,26.3477,2.1908
553,3080.6,88.6289,64.2383,44.9375,26.1016,2.1906
554,3080.8,88.3477,65.207,40.8516,25.168,2.1962
555,3081.0,88.1426,65.4595,39.1914,24.2695,2.208
556,3081.2,89.3281,65.0156,38.6875,24.3281,2.2128
557,3081.4,90.7966,65.082,38.8945,24.9812,2.2042
558,3081.6,90.5625,65.4143,39.5664,24.9531,2.1986
559,3081.8,89.6289,64.1641,40.1914,24.5664,2.2014
560,3082.0,88.8945,62.0586,41.1406,24.4092,2.2046
561,3082.2,88.4531,61.2385,45.625,24.6875,2.2082
562,3082.4,87.9023,61.5508,60.375,24.7849,2.2121
563,3082.6,86.8945,63.4883,99.3125,24.707,2.2096
564,3082.8,85.2891,66.1758,148.0625,25.6953,2.2045
565,3083.0,83.3164,66.1875,142.5625,27.0625,2.2103
566,3083.2,82.125,63.5352,91.5,27.2605,2.2253
567,3083.4,83.3906,62.332,59.625,26.5586,2.2356
568,3083.6,85.0195,63.6445,49.1875,25.7148,2.231
569,3083.8,86.1992,64.2974,45.5156,25.2656,2.2112
570,3084.0,87.3242,63.1523,44.5859,25.1331,2.1955
571,3084.2,88.3438,63.0391,47.0312,25.1509,2.1958
572,3084.4,89.3398,64.168,50.7969,25.6875,2.1987
573,3084.6,90.1797,65.043,53.3438,26.2417,2.2001
574,3084.8,90.6001,65.2339,53.7617,25.9062,2.2092
575,3085.0,90.8379,64.7227,52.7031,25.3086,2.2204
576,3085.2,91.082,62.8789,52.1199,25.3242,2.2187
577,3085.4,91.4102,60.5,52.0249,25.9531,2.2034
578,3085.6,91.9023,59.9648,51.9685,26.4453,2.1887
579,3085.8,92.5469,60.9648,52.043,26.5234,2.1845
580,3086.0,92.9966,61.575,51.3438,27.1016,2.1872
581,3086.2,93.042,60.9805,50.6875,27.7617,2.1874
582,3086.4,93.1296,58.9258,49.7227,27.2852,2.1825
583,3086.6,93.6016,57.7891,47.8203,26.3789,2.173
584,3086.8,94.0781,58.3633,46.207,26.4922,2.1634
585,3087.0,94.3018,58.7046,44.8281,27.7188,2.1546
586,3087.2,94.3369,58.5105,43.3555,28.7893,2.1482
587,3087.4,94.3755,58.5654,41.1523,28.4883,2.1519
588,3087.6,94.2109,58.3125,38.418,27.582,2.1662
589,3087.8,93.6172,58.0273,35.3906,27.2383,2.1768
590,3088.0,92.4414,58.8594,32.0938,26.7969,2.1755
591,3088.2,90.8047,60.0586,28.8125,26.3047,2.1733
592,3088.4,89.6758,60.5598,25.7812,25.7852,2.1771
593,3088.6,89.0352,60.8867,23.457,25.3834,2.1805
594,3088.8,88.2578,61.457,21.7695,26.0312,2.1786
595,3089.0,86.0312,61.4612,20.5508,27.707,2.173
596,3089.2,83.2188,61.8789,19.5,28.7695,2.1638
597,3089.4,82.8477,63.3281,18.4727,28.832,2.152
598,3089.6,84.7305,64.293,17.4609,28.2617,2.1391
599,3089.8,89.875,63.5781,16.5312,28.0391,2.126
600,3090.0,95.082,61.4062,15.9805,28.5156,2.1183
601,3090.2,97.2578,60.0156,15.6367,29.7891,2.1173
602,3090.4,96.3984,61.8984,14.7617,30.9414,2.1236
603,3090.6,93.1133,66.625,12.582,30.0078,2.1311
604,3090.8,88.375,71.8125,9.1211,27.7383,2.1417
605,3091.0,84.2891,72.8477,5.9336,25.2656,2.1797
606,3091.2,83.1211,69.5,4.1055,24.0583,2.2625
607,3091.4,84.3438,66.3984,3.0859,24.5391,2.3687
608,3091.6,86.1914,63.668,2.4805,25.2776,2.45
609,3091.8,88.0703,60.9258,2.1172,25.3269,2.4722
610,3092.0,89.7227,58.582,1.8457,25.1375,2.4617
611,3092.2,89.6523,56.375,1.6731,25.0891,2.4484
612,3092.4,87.8008,53.0117,1.6143,25.0742,2.4539
613,3092.6,85.8086,49.2422,1.6187,24.2031,2.4753
614,3092.8,83.9883,47.7812,1.6626,22.7891,2.4985
615,3093.0,82.7539,49.4844,1.7268,21.6875,2.5078
616,3093.2,82.2683,51.8633,1.7798,20.7383,2.5065
617,3093.4,82.3521,54.293,1.7953,20.3486,2.5043
618,3093.6,82.9492,58.8125,1.7607,20.8438,2.504
619,3093.8,84.0586,66.375,1.7051,21.4258,2.5021
620,3094.0,85.8672,74.25,1.6692,21.6128,2.4955
621,3094.2,88.2344,77.2461,1.6863,21.6016,2.4835
622,3094.4,89.603,75.6016,1.7617,22.6445,2.4768
623,3094.6,87.957,71.875,1.8523,24.6016,2.4829
624,3094.8,83.9492,68.1172,1.9033,23.5,2.4966
625,3095.0,81.5938,68.2344,1.9113,18.9609,2.5123
626,3095.2,82.9531,71.4688,1.9044,17.1423,2.5137
627,3095.4,86.9609,74.5508,1.8718,19.8867,2.488
628,3095.6,90.293,75.9935,1.7766,23.1758,2.4656
629,3095.8,92.0547,74.5391,1.6436,25.1172,2.4695
630,3096.0,92.9102,71.2148,1.5205,26.2109,2.4783
631,3096.2,93.3633,70.793,1.4526,26.5842,2.47
632,3096.4,93.8789,70.9219,1.4692,26.4419,2.4545
633,3096.6,94.5664,68.168,1.5989,26.3477,2.4434
634,3096.8,96.5117,63.3125,1.8828,27.0273,2.438
635,3097.0,99.3086,59.4492,2.3281,28.3242,2.4016
636,3097.2,101.5938,57.1602,2.9023,28.7004,2.3047
637,3097.4,102.6626,57.8086,3.5664,27.207,2.1956
638,3097.6,102.043,60.5039,4.0664,25.2969,2.1516
639,3097.8,100.0273,60.5547,4.1094,22.9219,2.1721
640,3098.0,96.25,58.3789,3.6562,21.8867,2.241
641,3098.2,92.0547,62.0,3.0156,23.2812,2.3408
642,3098.4,89.6094,68.9375,2.4492,23.3125,2.4333
643,3098.6,89.1992,70.7617,2.0842,21.8242,2.4847
644,3098.8,90.0781,67.457,1.9604,23.2539,2.4751
645,3099.0,90.6394,65.0117,1.9367,25.2578,2.4336
646,3099.2,90.0547,63.8047,1.9283,23.9844,2.3853
647,3099.4,89.6257,61.7227,1.9707,21.7461,2.3623
648,3099.6,89.5386,58.9062,2.0779,22.3711,2.3831
649,3099.8,88.8789,58.5625,2.1719,23.3477,2.4331
650,3100.0,88.2358,61.5117,2.1606,22.7031,2.4671
651,3100.2,89.0938,63.8008,2.1658,22.5977,2.4604
652,3100.4,91.793,64.5586,2.3535,24.9531,2.428
653,3100.6,94.875,65.332,2.6736,27.9492,2.3694
654,3100.8,95.9995,66.8828,2.8442,26.6406,2.3108
655,3101.0,94.7266,67.2031,2.7578,22.582,2.3052
656,3101.2,93.5625,64.8086,2.6611,21.0664,2.3711
657,3101.4,96.4727,61.668,2.7834,22.4805,2.447
658,3101.6,98.4209,59.2344,2.9534,22.7344,2.4829
659,3101.8,95.375,57.1655,3.0715,20.6758,2.4934
660,3102.0,90.6875,58.1523,3.2222,17.4805,2.5046
661,3102.2,86.4883,63.5625,3.3735,13.8789,2.5194
662,3102.4,82.668,69.875,3.3369,11.918,2.5191
663,3102.6,80.9648,72.6602,3.0586,15.1875,2.4839
664,3102.8,82.1406,75.1055,2.7031,20.1875,2.4598
665,3103.0,85.7617,79.125,2.3164,23.1836,2.4705
666,3103.2,90.0391,83.7656,1.9746,24.7422,2.4802
667,3103.4,92.1836,86.4805,1.7549,25.8359,2.4786
668,3103.6,92.6665,86.3555,1.6572,26.3164,2.4839
669,3103.8,92.25,83.75,1.667,26.8164,2.4886
670,3104.0,91.332,78.75,1.7581,27.1484,2.4808
671,3104.2,92.6328,72.8125,1.8755,26.0391,2.4644
672,3104.4,96.3242,68.1289,1.9795,23.8555,2.4447
673,3104.6,96.0117,65.5664,2.0593,22.1719,2.447
674,3104.8,92.707,66.4805,2.1101,20.9883,2.4785
675,3105.0,89.5977,71.8125,2.1062,20.6914,2.5075
676,3105.2,88.0391,78.5625,2.0176,22.8594,2.498
677,3105.4,88.8867,82.0469,1.8936,25.5586,2.4778
678,3105.6,90.1328,81.8945,1.7812,26.0547,2.4716
679,3105.8,90.4622,82.6484,1.7112,24.8555,2.4772
680,3106.0,90.6526,85.6172,1.6785,24.8125,2.4805
681,3106.2,90.6116,86.6398,1.6683,25.075,2.4813
682,3106.4,90.4272,82.8125,1.6804,24.3867,2.4883
683,3106.6,90.0547,78.5742,1.7061,23.9119,2.5023
684,3106.8,89.1133,77.9883,1.7275,23.4883,2.5127
685,3107.0,88.2834,80.9727,1.7321,22.5273,2.5094
686,3107.2,88.6758,84.0,1.7243,22.2305,2.5025
687,3107.4,89.7422,85.2383,1.7114,22.9023,2.5063
688,3107.6,90.7148,85.3477,1.7129,24.1016,2.5102
689,3107.8,91.3281,84.0117,1.7537,25.5352,2.5025
690,3108.0,91.0273,79.625,1.8396,26.6016,2.4966
691,3108.2,88.1875,72.25,1.9634,26.1875,2.502
692,3108.4,81.25,66.7461,2.0544,20.1875,2.531
693,3108.6,75.25,67.1758,2.095,11.6875,2.5583
694,3108.8,74.8438,70.3984,2.1448,9.562,2.5518
695,3109.0,80.25,68.75,2.2236,16.375,2.531
696,3109.2,84.7227,63.9375,2.2493,22.0156,2.5264
697,3109.4,85.3047,59.75,2.1631,22.0469,2.5201
698,3109.6,84.1211,60.25,2.0237,19.2422,2.5111
699,3109.8,84.1133,65.1875,1.9319,18.4922,2.5153
700,3110.0,85.4062,70.5,1.8931,20.6602,2.5208
701,3110.2,87.1133,75.75,1.874,23.4648,2.515
702,3110.4,88.418,80.3281,1.8379,24.5977,2.5035
703,3110.6,89.3164,82.9062,1.7856,24.8054,2.4919
704,3110.8,89.6592,82.6172,1.7415,24.6289,2.4832
705,3111.0,89.7285,80.7188,1.7222,24.0039,2.4852
706,3111.2,89.7922,78.9688,1.7194,24.1367,2.4958
707,3111.4,89.4453,77.3281,1.7349,25.0039,2.5053
708,3111.6,88.3516,74.6367,1.7646,23.9688,2.5105
709,3111.8,87.1328,73.2461,1.7881,22.0508,2.5166
710,3112.0,86.3594,73.2048,1.8034,21.571,2.5192
711,3112.2,86.5117,75.3203,1.8157,21.99,2.514
712,3112.4,87.2266,77.582,1.8212,22.3047,2.5072
713,3112.6,87.8594,80.8789,1.819,22.8398,2.5029
714,3112.8,88.1562,84.3101,1.8281,22.6914,2.4985
715,3113.0,88.3945,81.75,1.9004,22.8086,2.4836
716,3113.2,88.9883,71.625,2.1289,25.4023,2.4548
717,3113.4,90.6133,59.4375,2.582,29.3633,2.3977
718,3113.6,92.3516,52.125,3.2812,30.9375,2.2974
719,3113.8,91.6562,48.8516,4.3711,29.3633,2.2029
720,3114.0,86.0,48.7812,6.168,26.5312,2.1736
721,3114.2,77.4375,52.75,8.5547,23.7227,2.1987
722,3114.4,73.6211,61.5,9.8867,21.8867,2.221
723,3114.6,76.75,74.0625,9.0469,21.7188,2.2278
724,3114.8,83.3125,85.0625,6.8984,22.957,2.26
725,3115.0,88.0312,88.9766,4.9453,24.6992,2.3533
726,3115.2,89.3203,86.9141,3.5781,25.4141,2.4395
727,3115.4,87.8906,84.9727,2.9023,25.3516,2.458
728,3115.6,86.0508,86.6758,2.5273,23.7305,2.4606
729,3115.8,84.7852,90.875,2.2935,22.3008,2.4751
730,3116.0,85.1523,93.5234,2.1833,23.6797,2.493
731,3116.2,85.8086,92.6641,2.1608,24.6289,2.5038
732,3116.4,86.0083,88.3125,2.1613,23.3828,2.5208
733,3116.6,85.9854,83.543,2.1513,22.3008,2.5244
734,3116.8,85.6953,81.9492,2.1636,24.5,2.4858
735,3117.0,84.9453,80.5703,2.2268,28.2852,2.4358
736,3117.2,84.1367,78.3164,2.3108,26.5,2.438
737,3117.4,82.832,80.2383,2.3439,19.375,2.488
738,3117.6,81.3008,81.4219,2.3451,17.3672,2.5041
739,3117.8,80.5586,81.2539,2.3599,20.2109,2.4862
740,3118.0,81.6719,83.7891,2.3899,21.2957,2.4936
741,3118.2,83.7969,85.3242,2.4085,22.0664,2.4922
742,3118.4,86.3672,86.0625,2.4429,24.4219,2.4331
743,3118.6,88.3281,86.2439,2.6094,27.1406,2.3455
744,3118.8,90.0742,86.1562,2.9297,28.4531,2.2927
745,3119.0,91.1797,86.9375,3.3438,28.0156,2.2731
746,3119.2,91.6289,89.2578,3.6382,26.5391,2.2722
747,3119.4,91.939,91.5703,3.6472,24.6484,2.302
748,3119.6,91.8438,92.2083,3.418,23.6914,2.3569
749,3119.8,90.9922,90.75,3.0859,24.0781,2.3985
750,3120.0,90.207,88.6094,2.7109,25.375,2.4115
751,3120.2,90.1602,87.8843,2.3516,26.9336,2.4202
752,3120.4,90.4609,88.5566,2.0605,27.0352,2.4395
753,3120.6,89.2227,87.4297,1.8843,25.4102,2.4758
754,3120.8,87.8125,82.75,1.8125,24.3008,2.5066
755,3121.0,86.9883,76.75,1.8103,23.625,2.524
756,3121.2,86.0898,71.75,1.8457,22.2422,2.5362
757,3121.4,84.9297,65.8125,1.9004,23.0469,2.5264
758,3121.6,83.0547,61.9453,1.9622,25.9844,2.5078
759,3121.8,80.7109,64.375,2.0078,25.7344,2.5325
760,3122.0,79.6523,68.1016,2.0435,22.4961,2.5718
761,3122.2,79.7969,70.1367,2.0999,21.0352,2.577
762,3122.4,80.6055,71.2344,2.1997,22.1992,2.5614
763,3122.6,81.7188,69.4844,2.3323,23.5742,2.5571
764,3122.8,81.5234,63.375,2.4795,25.1172,2.5618
765,3123.0,78.7695,56.1289,2.6167,25.5898,2.5774
766,3123.2,75.043,55.9375,2.7271,22.3125,2.6077
767,3123.4,73.7893,67.0625,2.8286,18.2383,2.6211
768,3123.6,77.1875,82.875,2.948,18.0391,2.5774
769,3123.8,82.9375,91.0195,3.0681,21.5391,2.491
770,3124.0,86.7617,89.9375,3.1614,24.4805,2.4333
771,3124.2,87.6602,81.5625,3.2891,24.9336,2.4291
772,3124.4,87.418,71.3125,3.5977,24.7734,2.4343
773,3124.6,89.3945,65.0,4.1172,25.8086,2.3943
774,3124.8,94.125,63.6707,4.8359,26.4297,2.3022
775,3125.0,97.5156,68.375,5.6367,24.8594,2.2126
776,3125.2,96.9844,75.0625,6.3242,22.9961,2.1968
777,3125.4,93.6016,79.6484,6.7969,22.479,2.2542
778,3125.6,90.582,83.0039,6.8804,23.4141,2.323
779,3125.8,89.6133,83.5938,6.7292,24.707,2.3532
780,3126.0,90.8516,79.8125,6.6543,25.8438,2.3352
781,3126.2,94.375,74.4531,6.8984,26.918,2.2625
782,3126.4,98.5234,71.9727,7.6953,27.6953,2.1812
783,3126.6,100.3594,72.7109,9.207,28.0977,2.1455
784,3126.8,99.4883,73.5547,11.5859,28.0664,2.157
785,3127.0,98.2422,69.875,14.4258,27.5527,2.1848
786,3127.2,96.293,66.332,16.6289,27.3948,2.2166
787,3127.4,92.2031,68.0117,17.1934,25.7324,2.2689
788,3127.6,88.793,71.0,16.2383,21.7891,2.3187
789,3127.8,89.1094,72.3086,15.3203,21.0234,2.3018
790,3128.0,92.1055,74.5703,14.8164,23.8164,2.2322
791,3128.2,94.75,76.1982,14.4141,25.5371,2.1931
792,3128.4,95.1797,75.6289,13.8945,25.6812,2.197
793,3128.6,94.7773,74.3906,13.4453,26.3398,2.2036
794,3128.8,95.1562,74.6562,13.3203,27.6719,2.1933
795,3129.0,96.1758,75.9219,13.5977,28.1055,2.1863
796,3129.2,96.9102,75.0703,14.2734,27.944,2.1944
797,3129.4,95.4648,69.375,15.5,28.9453,2.2234
798,3129.6,90.625,65.9492,17.3047,26.375,2.3042
799,3129.8,84.375,67.3867,18.9883,18.0625,2.4106
800,3130.0,80.8477,70.918,20.2773,12.332,2.4338
801,3130.2,83.9375,74.9492,21.5586,15.6875,2.3323
802,3130.4,89.875,77.3828,22.4219,20.8125,2.2327
803,3130.6,93.7773,77.25,22.25,24.4766,2.1907
804,3130.8,94.2656,77.0195,21.25,27.1289,2.1921
805,3131.0,93.8555,75.8086,20.3633,28.1719,2.1986
806,3131.2,93.3086,74.1953,19.8633,27.7422,2.2012
807,3131.4,92.25,75.5664,19.625,26.8398,2.2102
808,3131.6,90.8359,76.2383,19.2617,24.6055,2.2336
809,3131.8,89.9688,74.9883,18.6523,22.082,2.2496
810,3132.0,90.8945,74.9609,17.875,22.9141,2.2368
811,3132.2,93.6562,74.9492,17.1289,25.9727,2.2195
812,3132.4,96.5703,71.625,16.3203,27.4023,2.2067
813,3132.6,98.5664,68.9688,15.3281,27.0703,2.1875
814,3132.8,99.1421,70.0508,14.5781,26.8008,2.1807
815,3133.0,98.5898,71.0195,14.3379,27.1914,2.2021
816,3133.2,97.4961,71.8984,14.5625,26.7109,2.2335
817,3133.4,96.1992,72.1875,14.9805,25.5352,2.2324
818,3133.6,95.6768,70.25,15.5039,25.4336,2.1992
819,3133.8,96.3477,67.9141,16.3398,26.4375,2.165
820,3134.0,96.9614,66.5469,17.3281,27.3281,2.1523
821,3134.2,96.668,66.4727,17.8323,27.0938,2.1556
822,3134.4,96.0469,68.3203,17.7637,26.1914,2.1674
823,3134.6,94.8164,71.5195,17.3633,26.0339,2.1808
824,3134.8,93.0234,74.4258,16.8203,26.1692,2.1911
825,3135.0,92.7891,76.5664,15.9141,26.2705,2.1943
826,3135.2,95.75,80.75,14.4688,26.9023,2.1871
827,3135.4,99.9727,87.125,12.8477,27.9062,2.1687
828,3135.6,102.4766,90.1289,11.4531,28.2988,2.1482
829,3135.8,102.2305,87.6953,10.7903,27.5703,2.1506
830,3136.0,101.4141,85.4609,10.762,28.0625,2.1885
831,3136.2,101.7305,85.2212,10.7637,30.9141,2.2148
832,3136.4,103.0391,84.2109,10.7812,32.4844,2.1917
833,3136.6,103.7126,81.3789,11.5117,31.0117,2.1558
834,3136.8,103.3672,78.418,13.2617,29.9648,2.1477
835,3137.0,101.7539,76.4219,15.3672,29.3984,2.1616
836,3137.2,98.9844,75.2383,16.8633,27.9648,2.1843
837,3137.4,96.8672,73.582,17.7656,26.0664,2.2018
838,3137.6,95.8984,71.1328,18.4453,25.2969,2.2087
839,3137.8,95.6055,68.332,19.6836,26.2009,2.214
840,3138.0,94.8438,65.7305,21.1289,25.5781,2.2241
841,3138.2,91.8203,64.2695,20.6953,23.3828,2.2417
842,3138.4,85.75,65.4688,16.5625,20.7852,2.2793
843,3138.6,79.4375,69.8125,11.125,16.4375,2.3428
844,3138.8,76.9922,75.5625,6.7695,11.875,2.4131
845,3139.0,81.125,79.3672,4.2578,12.625,2.4624
846,3139.2,87.625,79.9167,3.0039,18.5,2.4832
847,3139.4,91.2031,80.0938,2.2305,22.0508,2.4897
848,3139.6,92.9766,81.332,1.7344,22.0898,2.4788
849,3139.8,96.4375,83.0547,1.4973,23.8594,2.4536
850,3140.0,100.7617,82.0195,1.4226,27.1914,2.4341
851,3140.2,102.9727,78.4219,1.4558,28.8281,2.429
852,3140.4,99.9375,78.7969,1.5759,28.4258,2.4521
853,3140.6,93.8125,82.1328,1.7493,25.6602,2.4912
854,3140.8,87.9375,83.4062,1.968,22.5703,2.5106
855,3141.0,87.875,80.0,2.3203,26.1875,2.4446
856,3141.2,94.125,74.125,2.8438,32.1875,2.3159
857,3141.4,101.25,68.5,3.4648,33.0,2.2148
858,3141.6,103.3711,64.9492,4.1211,29.8359,2.1828
859,3141.8,100.9453,64.0322,5.1289,27.4258,2.184
860,3142.0,97.5977,64.5273,6.7812,25.875,2.1982
861,3142.2,93.0,66.0195,8.9883,23.9922,2.231
862,3142.4,85.875,68.6289,11.5156,19.3125,2.2961
863,3142.6,77.6875,71.375,14.3398,13.6875,2.3774
864,3142.8,72.5352,73.4844,17.4688,11.2695,2.4226
865,3143.0,76.0,74.0664,20.707,14.125,2.3838
866,3143.2,82.0,72.8359,23.6836,18.4648,2.3203
867,3143.4,83.7109,69.3633,25.4922,19.2383,2.307
868,3143.6,77.8125,64.6836,25.6172,15.125,2.3643
869,3143.8,69.875,63.7539,24.8008,10.7344,2.4326
870,3144.0,65.0273,67.375,23.6328,7.6602,2.4744
871,3144.2,66.625,70.0686,22.5352,9.3125,2.4519
872,3144.4,73.3125,69.1016,20.5156,15.625,2.3762
873,3144.6,81.0,66.1406,16.9258,21.125,2.291
874,3144.8,85.1211,62.0,12.25,22.3906,2.242
875,3145.0,84.7617,55.3125,8.3984,21.5977,2.25
876,3145.2,81.4453,48.0625,5.9805,19.8555,2.314
877,3145.4,76.4375,46.418,4.6875,17.8008,2.4358
878,3145.6,72.6484,50.1328,3.9414,16.6484,2.5691
879,3145.8,71.2891,52.3672,3.4727,16.5317,2.6401
880,3146.0,71.5625,50.6836,3.2275,17.4609,2.6411
881,3146.2,71.7969,46.668,3.1951,18.1445,2.6288
882,3146.4,70.9766,44.0039,3.2764,16.875,2.6312
883,3146.6,69.6562,43.7922,3.3813,14.9023,2.6316
884,3146.8,68.9622,43.2266,3.5,13.8789,2.6203
885,3147.0,68.9619,41.2383,3.6472,13.3164,2.6118
886,3147.2,68.907,40.0,3.7905,13.0039,2.6079
887,3147.4,68.4766,39.946,3.8975,12.5586,2.6026
888,3147.6,68.0391,39.7656,3.9763,12.348,2.5954
889,3147.8,68.0549,39.2852,4.0366,12.2173,2.5909
890,3148.0,68.6836,37.4688,4.0798,11.4414,2.5932
891,3148.2,68.5,33.8789,4.1047,11.1836,2.5928
892,3148.4,67.043,31.7734,4.1392,11.5859,2.5908
893,3148.6,65.4609,34.9375,4.1855,11.0469,2.6008
894,3148.8,65.0273,41.875,4.1797,10.2251,2.6141
895,3149.0,65.8242,47.2031,4.1448,10.9141,2.6116
896,3149.2,67.7383,48.5977,4.1003,12.5,2.6044
897,3149.4,69.5938,50.0195,3.9375,13.269,2.6189
898,3149.6,70.4414,56.0625,3.5938,12.8828,2.6438
899,3149.8,72.8281,62.0625,3.1719,12.9453,2.6488
900,3150.0,78.25,57.25,2.9153,18.0625,2.6072
901,3150.2,82.0547,45.75,2.833,24.8125,2.552
902,3150.4,81.5508,37.625,2.804,24.6641,2.5375
903,3150.6,76.25,38.5,2.7351,17.875,2.5808
904,3150.8,70.8984,44.25,2.6807,13.4531,2.6279
905,3151.0,69.0898,48.9336,2.7266,12.3711,2.6443
906,3151.2,71.2578,47.375,2.8811,13.3047,2.627
907,3151.4,74.3242,41.875,3.0701,16.1367,2.5986
908,3151.6,74.7227,38.6562,3.2122,17.5977,2.5805
909,3151.8,72.3711,40.2695,3.2638,15.3008,2.5845
910,3152.0,70.0586,44.0273,3.2852,12.0312,2.6128
911,3152.2,69.7383,45.6875,3.3857,11.1023,2.6465
912,3152.4,71.3945,45.1719,3.6079,12.7344,2.6494
913,3152.6,72.2422,44.2773,3.8367,13.7617,2.624
914,3152.8,71.1953,41.875,3.9485,12.7188,2.619
915,3153.0,69.3281,38.4062,3.9611,11.6562,2.6321
916,3153.2,68.2656,36.8125,3.9902,11.3906,2.6339
917,3153.4,67.6328,37.0859,4.0671,10.8086,2.6299
918,3153.6,67.0,39.0781,4.1423,10.4297,2.6298
919,3153.8,67.0859,41.0742,4.1835,10.2451,2.6291
920,3154.0,68.1914,40.9648,4.1868,10.8867,2.6188
921,3154.2,69.3477,40.7388,4.167,12.5117,2.6055
922,3154.4,69.543,41.5366,4.1568,12.957,2.6068
923,3154.6,69.0469,41.1914,4.1617,12.25,2.6238
924,3154.8,68.6055,39.4805,4.1829,12.3672,2.6342
925,3155.0,68.3743,37.9805,4.2215,13.0002,2.6252
926,3155.2,68.625,37.8125,4.2231,12.6406,2.6076
927,3155.4,69.3047,38.4102,4.1846,11.9531,2.5986
928,3155.6,69.8228,39.3398,4.1501,11.5938,2.606
929,3155.8,69.8472,39.6406,4.1597,11.2888,2.6196
930,3156.0,69.657,39.3086,4.2073,11.3074,2.6247
931,3156.2,69.1367,39.8711,4.2559,11.2454,2.6221
932,3156.4,67.8398,40.9043,4.291,10.2852,2.6125
933,3156.6,66.1328,40.3242,4.3545,10.2266,2.6062
934,3156.8,64.832,38.2227,4.4626,11.0938,2.6131
935,3157.0,64.6797,35.2578,4.5554,10.6055,2.6205
936,3157.2,65.8281,32.7422,4.5893,9.7617,2.6185
937,3157.4,67.8398,31.2852,4.5993,9.7852,2.6166
938,3157.6,68.8477,31.3555,4.606,10.0544,2.6205
939,3157.8,68.0664,33.9922,4.5815,9.8242,2.6297
940,3158.0,66.6602,37.3281,4.5549,9.0547,2.6382
941,3158.2,65.9922,37.2812,4.5935,8.8398,2.6374
942,3158.4,66.4219,34.2422,4.7397,9.9961,2.6257
943,3158.6,66.3633,32.2656,4.939,10.4529,2.6107
944,3158.8,65.5625,31.7422,5.134,9.0703,2.6091
945,3159.0,64.8281,30.5039,5.3633,7.6641,2.6306
946,3159.2,64.1641,28.0898,5.6992,7.4702,2.6531
947,3159.4,63.207,26.332,6.0742,7.4241,2.6589
948,3159.6,61.9766,28.1445,6.2581,6.9922,2.6453
949,3159.8,61.2109,31.5703,6.2808,6.5469,2.631
950,3160.0,61.5039,33.3711,6.2209,6.231,2.6297
951,3160.2,62.9023,32.9883,6.116,6.7734,2.6351
952,3160.4,64.2266,32.3906,6.0049,7.8086,2.6337
953,3160.6,64.6697,32.3975,5.8757,8.3828,2.6291
954,3160.8,64.467,32.4062,5.7429,8.3125,2.6279
955,3161.0,64.325,31.8359,5.6685,8.0544,2.6289
956,3161.2,64.3494,31.395,5.6491,8.0095,2.6261
957,3161.4,64.3555,31.519,5.6568,8.1362,2.6221
958,3161.6,64.0039,31.4922,5.6519,7.9922,2.6218
959,3161.8,63.6663,30.9844,5.6182,7.7944,2.6271
960,3162.0,63.875,29.9492,5.5703,7.8984,2.6423
961,3162.2,64.5195,29.4297,5.4976,8.3242,2.6565
962,3162.4,65.2227,30.9414,5.3784,8.6575,2.6543
963,3162.6,65.7852,33.6367,5.2153,8.6685,2.6396
964,3162.8,66.1829,34.4258,5.0596,8.8984,2.6259
965,3163.0,66.0898,33.3789,4.939,9.9414,2.6203
966,3163.2,65.6445,33.2188,4.8362,10.7734,2.617
967,3163.4,65.6484,35.375,4.6921,10.646,2.6076
968,3163.6,66.4531,37.0664,4.4531,10.8867,2.6
969,3163.8,67.4492,36.7852,4.1909,11.8242,2.6032
970,3164.0,67.7891,35.1602,4.0093,12.8398,2.6146
971,3164.2,67.3945,33.957,3.8794,13.5017,2.6275
972,3164.4,66.9688,34.2109,3.7708,13.1289,2.6387
973,3164.6,66.8789,36.332,3.7093,12.2305,2.6396
974,3164.8,67.5117,39.5664,3.741,12.0613,2.6282
975,3165.0,68.3789,41.168,3.8613,12.248,2.6199
976,3165.2,68.457,40.8564,4.0232,12.0195,2.6188
977,3165.4,67.9829,40.8906,4.187,10.9688,2.6181
978,3165.6,68.1719,38.8281,4.3586,10.5298,2.6148
979,3165.8,68.7109,32.875,4.5205,11.3438,2.6051
980,3166.0,68.3008,27.6914,4.6519,11.5977,2.5888
981,3166.2,67.3086,27.9531,4.7556,10.6367,2.5806
982,3166.4,67.0525,31.3711,4.8752,9.8906,2.5886
983,3166.6,67.7734,32.0938,5.0977,10.2031,2.5972
984,3166.8,68.5977,30.8281,5.4102,11.2383,2.5905
985,3167.0,69.2539,29.9336,5.8047,12.1445,2.577
986,3167.2,69.7695,28.8398,6.293,12.5234,2.5633
987,3167.4,70.0225,27.9355,6.7734,12.781,2.5527
988,3167.6,69.7031,28.8945,7.1602,12.8213,2.5521
989,3167.8,68.3906,32.6875,7.4248,12.082,2.5613
990,3168.0,66.2344,37.75,7.4932,10.6133,2.5784
991,3168.2,64.6523,40.8398,7.321,9.5469,2.5898
992,3168.4,65.2305,40.2539,7.1057,10.875,2.575
993,3168.6,68.875,36.9023,7.2422,14.6406,2.5312
994,3168.8,73.2031,33.9141,7.7109,17.375,2.4939
995,3169.0,75.4961,31.9688,8.3867,17.3945,2.4849
996,3169.2,74.2344,29.4492,9.3008,15.4688,2.5105
997,3169.4,71.418,26.4023,10.8633,13.4062,2.5366
998,3169.6,68.6758,24.7031,13.332,11.9688,2.5369
999,3169.8,66.8711,25.9414,15.8398,11.1211,2.5242
1000,3170.0,65.543,28.8008,16.4141,10.1211,2.5303
1001,3170.2,64.707,30.7852,14.3789,9.0547,2.5559
1002,3170.4,64.7266,33.9375,10.8086,8.9453,2.5822
1003,3170.6,65.8086,43.5625,7.5469,9.7773,2.5899
1004,3170.8,68.3984,55.375,5.3477,11.0781,2.5845
1005,3171.0,72.875,57.125,4.1797,13.6875,2.5817
1006,3171.2,76.4453,45.4375,3.6992,18.3125,2.5786
1007,3171.4,76.2461,33.9375,3.4888,20.9336,2.568
1008,3171.6,72.375,30.5234,3.3677,17.5,2.5654
1009,3171.8,68.3672,31.4304,3.3821,12.1445,2.5815
1010,3172.0,67.1733,30.9258,3.6055,10.9844,2.5965
1011,3172.2,68.1992,29.5156,3.9805,12.0547,2.5984
1012,3172.4,69.1006,29.0139,4.2651,12.311,2.5893
1013,3172.6,69.21,29.5664,4.3486,12.1597,2.5817
1014,3172.8,69.251,30.75,4.3323,12.0435,2.5801
1015,3173.0,69.6797,31.6985,4.3391,12.2422,2.5779
1016,3173.2,70.543,30.9766,4.4233,12.8359,2.5676
1017,3173.4,71.3984,28.7305,4.5769,13.5625,2.5573
1018,3173.6,71.4062,27.3516,4.7549,13.6875,2.5618
1019,3173.8,70.0352,28.6641,4.8845,12.6953,2.5798
1020,3174.0,67.7812,31.8555,4.9324,11.1641,2.5989
1021,3174.2,65.75,35.3984,4.8831,10.324,2.6076
1022,3174.4,65.1875,36.6328,4.7971,10.418,2.6044
1023,3174.6,65.9531,35.1992,4.8315,10.9531,2.6002
1024,3174.8,67.3359,33.1289,5.0859,11.7695,2.595
